Препарат,Фасування,Форма випуску,посилання на сайт,Дозування,Інструкція з використання
AquaDoctor C-90Т в таблетках 200 г,"AquaDoctor C-90Т 1 кг в таблетках 200 г
AquaDoctor C-90Т 5 кг в таблетках 200 г
AquaDoctor C-90Т 50 кг в таблетках 200 г",AquaDoctor C-90Т у вигляді таблеток по 200 г,https://aquapolis.ua/ua/sredstvo-po-uhodu-za-vodoj-aquadoctor-c90-t.html,Регулярна обробка: 1 таблетка 200 г AquaDoctor C-90Т на 30 м³ води раз на 8-14 днів.,"Рекомендується застосовувати AquaDoctor C-90Т кожні 8-14 днів із розрахунку 1 таблетка 200 г на
30 м³ води
• Перед використанням необхідно провести вимірювання рівня pH води і
відкоригувати його до показника 7.2-7.4 за допомогою засобу AquaDoctor
pH Minus або AquaDoctor pH Plus
• Додайте необхідну кількість препарату в дозатор хімії або скімерний
кошик басейну
• Увімкніть фільтраційну систему
• Регулярно вимірюйте рівень хлору, рівень pH і рівень стабілізатора в воді
за допомогою тестерів. Допустимий вміст вільного хлору - 0.3-0.6 мг/л;
рівень pH - 7.2-7.4; рівень стабілізатора не повинен перевищувати 50 г/м³.
Якщо рівень хлору перевищує значення 0.6 мг/л, рекомендується
тимчасово виключити використання препарату."
AquaDoctor MC-T в таблетках 200 г або 20 г,"AquaDoctor MC-T 0.4 кг в таблетквх по 200 г
AquaDoctor MC-T 1 кг в таблетках по 20 г
AquaDoctor MC-T 1 кг в таблетквх по 200 г
AquaDoctor MC-T 5 кг в таблетквх по 200 г
AquaDoctor MC-T 50 кг в таблетках по 20 г
AquaDoctor MC-T 50 кг в таблетквх по 200 г",AquaDoctor MC-T у вигляді таблеток по 200 г та у вигляді таблеток по 20 г,https://aquapolis.ua/ua/sredstvo-po-uhodu-za-vodoj-aquadoctor-mc-t.html,Регулярна обробка: 200 грамів AquaDoctor MC-T на 25 м³ води раз у 8-14 днів. Не використовується для первинної (шокової) обробки води.,"Рекомендується для більшості приватних басейнів для регулярної дезинфекції.
Рекомендується застосовувати AquaDoctor MC-T кожні 8-14 днів із розрахунку 1 таблетка 200 г на
25 м³ води. На сезон 3 місяці, рекомендовано 12 застосувань.
• Перед використанням необхідно провести вимірювання рівня pH води і
відкоригувати його до показника 7.2-7.4 за допомогою засобу AquaDoctor
pH Minus або AquaDoctor pH Plus
• Додайте необхідну кількість препарату в дозатор хімії або скіммерний
кошик басейну • Увімкніть фільтраційну систему
• Регулярно вимірюйте рівень хлору, рівень pH і рівень стабілізатора в воді
за допомогою тестерів. Допустимий вміст вільного хлору - 0.3-0.6 мг/л;
рівень pH - 7.2-7.4; рівень стабілізатора не повинен перевищувати 50 г/м³.
Якщо рівень хлору перевищує значення 0.6 мг/л, рекомендується
тимчасово виключити використання препарату."
Набір хімії для басейну AquaDoctor Super Kit 5 в 1,Картонна коробка з 5 засобами для догляду за водою,,https://aquapolis.ua/ua/startovyj-nabor-dlja-bassejna-aquadoctor-super-kit-5-v-1.html,Універсальний набір хімії для басейну AquaDoctor Super Kit 5 в 1 призначений для первинної і регулярної обробки води в басейні до 30 м³. Всі препарати підібрані для комплексного застосування і гарантують чисту й прозору воду у вашому басейні.,"Універсальний набір хімії для басейну AquaDoctor Super Kit 5 в 1 призначений для первинної і регулярної обробки води в басейні до 30 м³. Всі препарати підібрані для комплексного застосування і гарантують чисту й прозору воду у вашому басейні.
Склад набору:
Засіб для зниження рівня ph води Aquadoctor ph Minus - 1 кг
Засіб для шокового знезараження води AquaDoctor C-60T - 0.3 кг
Засіб для регулярного знезараження води 3 в 1 AquaDoctor MC-T - 0.4 кг
Засіб проти водоростей Aquadoctor AC Mix - 1 л
Коагулюючий засіб AquaDoctor Superflock - 0.25 кг"
AquaDoctor pH Minus в гранулах,"AquaDoctor pH Minus у вигляді гранул 1 кг 
AquaDoctor pH Minus у вигляді гранул 1.5 кг
AquaDoctor pH Minus у вигляді гранул 5 кг
AquaDoctor pH Minus у вигляді гранул 7.5 кг
AquaDoctor pH Minus у вигляді гранул 25 кг",AquaDoctor pH Minus у вигляді гранул,https://aquapolis.ua/ua/sredstvo-dlja-korrekcii-urovnja-ph-aquadoctor-ph-minus.html#additional,"Для зниження рівня рН на 0.1 необхідно додати AquaDoctor pH Minus у гранулах з розрахунку 75 г засоби на 10 м³ води
Необхідно перевіряти рівень рН один раз в 1-2 тижні, а також після випадання опадів (для відкритих басейнів)","Рекомендується для більшості приватних басейнів.
Необхідна кількість AquaDoctor pH Minus у гранулах розводиться в чистій ємності з водою та виливається по периметру басейну. 
Вводити AquaDoctor pH Minus у гранулах необхідно уникаючи близької відстані від форсунок та скімерів. 
Далі запускаємо систему фільтрації. Після використання AquaDoctor pH Minus у гранулах не рекомендується використовувати басейн протягом 30 хвилин.
Через 12 годин після використання препарату виконуємо контрольне вимірювання рівня рН води. Якщо показник залишається вище значення 7.4 – необхідно провести процедуру повторно.
Для підтримки оптимального показника рН води необхідно один раз в 1-2 тижні вимірювати рівень рН та, за необхідності, корегувати склад води. В разі зменшення значення 7.2 рекомендується використовувати препарат AquaDoctor pH Plus у гранулах."
AquaDoctor C-60T в таблетках,"Хлор AquaDoctor C-60T 0.3 кг в таблетках 20 г
Хлор AquaDoctor C-60T 0.9 кг в таблетках 20 г
Хлор AquaDoctor C-60T 1 кг в таблетках 20 г
Хлор AquaDoctor C-60T 4 кг в таблетках 20 г
Хлор AquaDoctor C-60T 50 кг в таблетках 20 г",AquaDoctor C-60T у вигляді таблеток по 20 г,https://aquapolis.ua/ua/dezinfektant-na-osnove-hlora-bystrogo-dejstvija-aquadoctor-c-60t.html,"Шокова обробка: 1 таблетка 20 г AquaDoctor C-60T на 2 м³, 1 раз на місяць
","Рекомендується для більшості приватних басейнів для шокової дезинфекції.
AquaDoctor C-60T в таблетках 20 г рекомендується використовувати у вечірній час доби. Перед використанням необхідно заміряти та відкоригувати (за необхідності) рівень рН до норми 7.2 – 7.4, за допомогою засобів AquaDoctor pH Minus або AquaDoctor pH Plus.

Первинна (шокова) обробка виконується з розрахунку 1 таблетка 20 г AquaDoctor C-60T на 2 м³ води. Необхідна кількість AquaDoctor C-60T розмішується в ємності з водою і додається в басейн по периметру, після чого запускається фільтраційна система на 6-8 годин. Для досягнення максимально ефективного результату, рекомендується використовувати препарат AquaDoctor C-60T не менш ніж 1 раз на місяць.
"
AquaDoctor C-60 в гранулах,"Хлор AquaDoctor C-60 1 кг в гранулах
Хлор AquaDoctor C-60 5 кг в гранулах
Хлор AquaDoctor C-60 50 кг в гранулах",AquaDoctor C-60 у вигляді гранул,https://aquapolis.ua/ua/dezinfektant-na-osnove-hlora-bystrogo-dejstvija-aquadoctor-c-60.html,"Шокова обробка: 10 г AquaDoctor C-60 в гранулах на 1 м³, не рідше, ніж 1 раз в місяць
","AquaDoctor C-60 в гранулах рекомендується використовувати у вечірній час доби. Перед використанням необхідно заміряти та відкоригувати (за необхідності) рівень рН до норми 7.2 – 7.4, за допомогою засобів AquaDoctor pH Minus або AquaDoctor pH Plus.

Первинна (шокова) обробка виконується з розрахунку 10 грамів AquaDoctor C-60 в гранулах на 1 м³ води. Необхідна кількість AquaDoctor C-60 в гранулах розмішується в ємності з водою і додається в басейн по периметру, після чого запускається фільтраційна система на 6-8 годин. Для досягнення максимально ефективного результату, рекомендується використовувати препарат AquaDoctor C60 не менш ніж 1 раз на місяць.
"
Засіб для підвищення рівня pH AquaDoctor pH Plus в гранулах,"AquaDoctor pH Plus у вигляді гранул 0.8 кг
AquaDoctor pH Plus у вигляді гранул 4 кг
AquaDoctor pH Plus у вигляді гранул 25 кг, мішок",AquaDoctor pH Plus у вигляді гранул,https://aquapolis.ua/ua/sredstvo-dlja-povishenija-urovnja-ph-aquadoctor-ph-plus.html,Для підвищення рівня pH на 0.1 необхідно додати 75 г Aquadoctor pH+ в гранулах на 10 м³ води,"Рекомендується для більшості приватних басейнів.
Aquadoctor pH+ в гранулах рекомендується використовувати для корекції кислотно-лужного балансу води, якщо показники не відповідають рекомендованій нормі 7.2-7.4. Якщо показник pH менше значення 7.2, то для підвищення рівня рН на 0.1 потрібно використовувати 75 г препарату на 10 м³ води. Для цього необхідна кількість Aquadoctor pH+ в гранулах розчиняється в чистій ємності з водою і виливається по периметру басейну. Вводьте препарат, уникаючи близької відстані від форсунок та скімерів. Далі запускаємо систему фільтрації. Після використання Aquadoctor pH+ в гранулах не рекомендується використовувати басейн впродовж 30-ти хвилин.

По закінченню 12 годин після використання препарату виконуємо контрольний вимір рівня рН води. Якщо показник залишається нижчим за значення 7.2, необхідно повторно виконати процедуру, оскільки жорстка вода вимагає великих і частіших добавок.

Для підтримки оптимального значення рН води необхідно 1-2 рази в тиждень виконувати заміри рівня рН і, в разі необхідності, його коректувати. В разі перевищення значення 7.4 рекомендується використовувати препарат AquaDoctor pH Minusв гранулах."
Коагулюючий засіб в гранулах AquaDoctor FL,"Коагулюючий засіб в гранулах AquaDoctor FL – 1 кг
Коагулюючий засіб в гранулах AquaDoctor FL – 5 кг
Коагулюючий засіб в гранулах AquaDoctor FL – 25 кг",AquaDoctor FL у вигляді гранул,https://aquapolis.ua/ua/koagulirujuschee-sredstvo-v-granulah-aquadoctor-fl.html,"Перед використанням AquaDoctor FL у вигляді гранул, необхідно вирівняти рівень PH до 7.2-7.4
Додавайте AquaDoctor FL у вигляді гранул у воду басейну в міру помутніння води з розрахунку 25-50 г засобу на 10 м³ води басейну","AquaDoctor FL у вигляді гранул рекомендується використовувати при помутнінні води в басейні, з розрахунку 25-50 грамів препарату на 10 м³, один раз на тиждень. Перед використанням AquaDoctor FL у вигляді гранул, необхідно вирівняти значення PH до значень 7.2-7.4. 

Необхідну кількість AquaDoctor FL у вигляді гранул треба розчинити в ємності з чистою водою, після чого рівномірно вилити розчин по периметру басейну, уникаючи місць поблизу форсунок і скімерів. Далі необхідно запустити систему фільтрації на 2-4 години, після чого дати воді басейну відстоятись для осідання збільшених частинок бруду. Осівший на дно басейну коагулянт (з частинками бруду) необхідно прибрати за допомогою пилососа для басейну.

Використовуйте AquaDoctor FL у вигляді гранул для профілактики 1 раз на тиждень. Якщо після обробки препаратом вода не стала прозорою, можливо каламутність має органічну природу. В цьому випадку необхідно виконати шокову дезінфекцію з використанням засобів AquaDoctor С-60 / AquaDoctor С-60Т або AquaDoctor О2."
Коагулюючий засіб в таблетках в картушах AquaDoctor Superflock,Упаковка AquaDoctor Superflock: 1 кг (8 картушей по 5 таблеток у кожному картуші),AquaDoctor Superflock у вигляді таблеток у тканинних картушах,https://aquapolis.ua/ua/sredstvo-koagulirujuschee-v-kartushah-dlitelnogo-dejstvija-aquadoctor-superflock.html,"Одного картуша AquaDoctor Superflock вистачає на 50 м³ води
Перед використанням AquaDoctor Superflock необхідно вирівняти значення рH до 7.2-7.4
Закладати в скімерний кошик або в плавальний дозатор.
","AquaDoctor Superflock рекомендується використовувати при помутнінні води у басейні, з розрахунку 1 картуш на 50 м³ води. Перед використанням AquaDoctor Superflock, необхідно вирівняти значення PH до значень 7.2-7.4. Після цього виконуємо зворотну промивку фільтра і поміщаємо препарат в скімерний кошик або дозатор хімії. Далі запускаємо систему фільтрації на 12 годин. Після завершення роботи фільтра даємо басейну відстоятися для осідання утворених частинок. Осілий на дно коагулянт прибираємо за допомогою пилососа для басейну. Після повного розчинення препарату необхідно прибрати порожні картуші зі скімерного кошика і виконати зворотну промивку фільтра.

Використовуйте AquaDoctor Superflock для профілактики 1 раз на тиждень. Якщо після обробки препаратом вода не стала прозорою, можливо каламутність має органічну природу. В цьому випадку необхідно виконати шокову дезінфекцію з використанням засобів AquaDoctor С-60 / AquaDoctor С-60Т або AquaDoctor О2."
Гіпохлорит натрію AquaDoctor C-15L у вигляді рідини,Каністра AquaDoctor C-15L 20 л,AquaDoctor C-15L у вигляді рідини,https://aquapolis.ua/ua/gipohlorit-natrija-aquadoctor-c-15l.html#additional,"Шоковая обробка 30 мл AquaDoctor C-15L на 1 м³
Регулярна обробка 5-8 мл AquaDoctor C-15L  на 1 м³ кожні 3 дні
Регулярна обробка води набудовується з розрахунку підтримки концентрації вільного хлору 0.3-0.6 мг/л
","Рекомендується використовувати для автоматичного дозування хімії у басейн (через доз насоси/ доз станції).
AquaDoctor C-15L у вигляді рідини рекомендується використовувати у вечірній час доби. Перед використанням C-15L необхідно заміряти та відкоригувати (за необхідності) рівень рН до норми 7.2–7.4, за допомогою засобів AquaDoctor pH Minus або AquaDoctor pH Plus.

Первинна (шокова) обробка виконується 1 раз на 30 днів з розрахунку 30 мл AquaDoctor C-15L у вигляді рідини на 1 м³ води. Необхідна кількість AquaDoctor C-15L у вигляді рідини розмішується в ємності з водою і додається в басейн по периметру, після чого запускається фільтраційна система на 6-8 годин. Після застосування не рекомендується використовувати басейн протягом 10-12 годин.

Регулярна обробка виконується аналогічним чином, використовуючи 50 - 80 мл AquaDoctor C-15L у вигляді рідини на 10 м³. Обробка виконується 1 раз на 3 дні, з наступним запуском системи фільтрації.

Перед відвідуванням басейну, необхідно зробити контрольні виміри показників рівня хлору, рН та стабілізатора у воді. Допустимий вміст вільного хлору у воді 0.3-0.6 мг/л; рівень рН 7.2-7.4; рівень стабілізатора не повинен перевищувати 50 мг/м³."
Рідкий засіб для зниження pH AquaDoctor pH Minus (Сірчана 35%),"AquaDoctor pH Minus (Сірчана 35%) у вигляді рідини 10 л
AquaDoctor pH Minus (Сірчана 35%) у вигляді рідини 20 л",AquaDoctor pH Minus (Сірчана 35%) у вигляді рідини,https://aquapolis.ua/ua/zhidkoe-sredstvo-dlja-snizhenija-ph-aquadoctor-ph-minus-sernaja-35.html,"Для пониження рівня рН на 0.1 необхідно додати препарат AquaDoctor pH Minus (Сірчана 35%) у вигляді рідини з розрахунку 10 мл засобу на 11 м³ води
Необхідно 1-2 рази в тиждень перевіряти рівень рН, а також після випадання опадів (для відкритих басейнів)","Рекомендується використовувати для автоматичного дозування хімії у басейн (через доз насоси/ доз станції).
AquaDoctor pH Minus (Сірчана 35%) у вигляді рідини рекомендується використовувати для корегування кислотно-лужного балансу води, якщо показники не відповідають рекомендованій нормі 7.2-7.4. Якщо показник pH перевищує значення 7.4, то для зниження рівня рН на 0.1 необхідно використовувати 10 мл AquaDoctor pH Minus (Сірчана 35%) у вигляді рідини на 1 м³ води. Для цього необхідна кількість AquaDoctor pH Minus (Сірчана 35%) у вигляді рідини розводиться в чистій ємності з водою і виливається по периметру басейну. Вводити препарат необхідно уникаючи близької відстані від форсунок та скімерів. Далі запускаємо систему фільтрації. Після використання AquaDoctor pH Minus (Сірчана 35%) у вигляді рідини не рекомендується використовувати басейн протягом 30 хвилин.

Через 12 годин після використання препарату виконуємо контрольне вимірювання рівня рН води. Якщо показник залишається вище значення 7.4 – необхідно провести процедуру повторно.

Для підтримки оптимального показника рН води необхідно 1-2 рази на тиждень вимірювати рівень рН та, за необхідності, корегувати склад води. У разі, якщо рівень рН менше показника 7.2, рекомендується використовувати препарат AquaDoctor pH Plus."
Рідкий засіб для зниження pH AquaDoctor pH Minus HL (Соляна 14%),"AquaDoctor pH Minus HL (Соляна 14%) у вигляді рідини 10 л
AquaDoctor pH Minus HL (Соляна 14%) у вигляді рідини 20 л",AquaDoctor pH Minus HL (Соляна 14%)  у вигляді рідини,https://aquapolis.ua/ua/zhidkoe-sredstvo-dlja-snizhenija-ph-aquadoctor-ph-minus-hl-soljanaja-14.html,"Для зниження рівня pH на 0.1 необхідно додати препарат AquaDoctor pH Minus HL (Соляна 14%)  у вигляді рідини з розрахунку 15 мл засобу на 1 м³ води
Необхідно 1-2 рази в тиждень перевіряти рівень pH, а також після випадання опадів (для відкритих басейнів)","Рекомендується використовувати для автоматичного дозування хімії у басейн (через доз насоси/ доз станції).
AquaDoctor pH Minus HL (Соляна 14%)  у вигляді рідини рекомендується використовувати для коригування кислотно-лужного балансу води, якщо показники не відповідають рекомендованій нормі 7.2-7.4. Якщо показник pH перевищує значення 7.4, то для зниження рівня рН на 0.1 необхідно використовувати 15 мл препарату на 1 м³ води. Для цього необхідна кількість препарату розводиться в чистій ємності з водою і виливається по периметру басейну. Вводити препарат необхідно уникаючи близької відстані від форсунок та скімерів. Далі запускаємо систему фільтрації. Після використання AquaDoctor pH Minus HL (Соляна 14%) не рекомендується використовувати басейн протягом 30 хвилин.

Через 12 годин після використання препарату виконуємо контрольне вимірювання рівня рН води. Якщо показник залишається вище значення 7.4 – необхідно провести процедуру повторно.

Для підтримки оптимального показника рН води необхідно 1-2 рази на тиждень вимірювати рівень рН та, за необхідності, корегувати склад води. У разі, якщо рівень рН менше показника 7.2, рекомендується використовувати препарат AquaDoctor pH Plus."
Дезінфектант на основі активного кисню AquaDoctor Water Shock О2,"AquaDoctor Water Shock О2 у вигляді гранул 1 кг
AquaDoctor Water Shock О2 у вигляді гранул 5 кг",AquaDoctor Water Shock О2 у вигляді гранул,https://aquapolis.ua/ua/dezinfektant-na-osnove-aktivnogo-kisloroda-aquadoctor-water-shock-o2.html,"Первинна (шокова) обробка: 30 г AquaDoctor Water Shock О2 у вигляді гранул на 1 м³ води раз у 40-60 днів
Регулярна обробка: 15 г AquaDoctor Water Shock О2 у вигляді гранул на 1 м³ води раз на 7 днів","AquaDoctor Water Shock О2 у вигляді гранул рекомендується застосовувати у вечірній час доби. Перед використанням необхідно заміряти та відкоригувати (за необхідності) рівень рН до норми 7.2–7.4, за допомогою засобів AquaDoctor pH Minus або AquaDoctor pH Plus.

Первинна (шокова) обробка виконується 1 раз на 40-60 днів, з розрахунку 30 грамів AquaDoctor Water Shock О2 у вигляді гранул на 1 м³ води. Необхідна кількість AquaDoctor Water Shock О2 у вигляді гранул розмішується в ємності з водою і рівномірно додається в басейн по периметру, після чого запускається фільтраційна система на 6-8 годин. Після застосування AquaDoctor Water Shock О2 у вигляді гранул не рекомендується використовувати басейн, протягом 10-12 годин.

Регулярна обробка басейну здійснюється аналогічним способом, використовуючи 15 г на 1 м³ щотижня."
Альгіцид AquaDoctor AC Mix,"Альгіцид AquaDoctor AC Mix 1 л, пляшка
Альгіцид AquaDoctor AC Mix 5 л
Альгіцид AquaDoctor AC Mix 10 л
Альгіцид AquaDoctor AC Mix 20 л",AquaDoctor AC Mix у вигляді рідини,https://aquapolis.ua/ua/zhidkoe-sredstvo-protiv-vodoroslej-aquadoctor-ac-mix.html#additional,"Первинна (шокова) обробка: 20 мл AquaDoctor AC Mix на 1 м³ води раз у 60 днів
Регулярна обробка: 5 мл AquaDoctor AC Mix на 1 м³ води раз на 7 днів","AquaDoctor AC Mix рекомендується використовувати у вечірній час доби. Перед використанням AquaDoctor AC Mix, необхідно заміряти та відкоригувати (за необхідності) рівень рН до норми 7.2 – 7.4, за допомогою засобів AquaDoctor pH Minus або AquaDoctor pH Plus.

Первинна (шокова) обробка виконується 1 раз у 60 днів (а також при наявності явних ознак водоростей) з розрахунку 20 мл AquaDoctor AC Mix на 1 м³ води. Необхідна кількість AquaDoctor AC Mix розводиться у чистій ємності з водою і додається по периметру басейну. Для кращого перемішування, розчин краще додавати поблизу місця впуску води в басейн. Далі запускається фільтраційна система на період від 2 до 4 годин, протягом якого не рекомендується використовувати басейн.

Регулярну обробку басейну необхідно виконувати 1 раз у 7 днів, з розрахунку 5 мл AquaDoctor AC Mix на 1 м³ води. Для поліпшення ефективності препарату, рекомендується використовувати автоматичні станції дозування."
Альгіцид AquaDoctor AC,"Альгіцид AquaDoctor AC 1 л, дой-пак
Альгіцид AquaDoctor AC 1 л, пляшка
Альгіцид AquaDoctor AC 5 л
Альгіцид AquaDoctor AC 10 л
Альгіцид AquaDoctor AC 20 л",Альгіцид AquaDoctor AC у вигляді рідини,https://aquapolis.ua/ua/sredstvo-protiv-vodoroslej-aquadoctor-ac.html,"Первинна (шокова) обробка: 20 мл AquaDoctor AC на 1 м³ води раз у 60 днів
Регулярна обробка: 5 мл AquaDoctor AC на 1 м³ води раз на 7 днів
","Рекомендується для більшості приватних басейнів.
AquaDoctor AC рекомендується використовувати у вечірній час доби. Перед використанням AquaDoctor AC, необхідно заміряти та відкоригувати (за необхідності) рівень рН до норми 7.2 – 7.4, за допомогою засобів AquaDoctor pH Minus або AquaDoctor pH Plus.

Первинна (шокова) обробка виконується 1 раз у 60 днів (а також при наявності явних ознак водоростей) з розрахунку 20 мл AquaDoctor AC на 1 м³ води. Необхідна кількість AquaDoctor AC розводиться у чистій ємності з водою і додається по периметру басейну. Для кращого перемішування, розчин краще додавати поблизу місця впуску води в басейн. Далі запускається фільтраційна система на період від 2 до 4 годин, протягом якого не рекомендується використовувати басейн.

Регулярну обробку басейну необхідно виконувати 1 раз у 5-7 днів, з розрахунку 5 мл AquaDoctor AC на 1 м³ води. Для поліпшення ефективності препарату, рекомендується використовувати автоматичні станції дозування."
Дезінфектант на основі гіпохлориту кальцію Aquadoctor CH-65,"AquaDoctor CH-65 0.8 кг
AquaDoctor CH-65 4 кг
AquaDoctor CH-65 45 кг",AquaDoctor CH-65 у вигляді гранул,https://aquapolis.ua/ua/dezinfektant-na-osnove-gipohlorita-kal-cija-aquadoctor-ch-65.html,"Шокова обробка: 10 г AquaDoctor CH-65 на 1 м³, не рідше, ніж 1 раз в місяць
Регулярна обробка: 2-3 г AquaDoctor CH-65 на 1 м³, кожні 2-3 дні
","Первинна (шокова) обробка виконується з розрахунку від 7 до 10 грамів AquaDoctor CH-65  на 1 м³ води басейну. Залийте водою необхідну кількість AquaDoctor CH-65  в невеликій чистій ємності, розмішайте та рівномірно вилийте розчин по периметру басейну. Увімкніть фільтраційну систему, вона має пропрацювати від 6 до 8 годин. Дочекайтеся поки пройде від 10 до 12 годин після застосування препарату та заміряйте показники води за допомогою тестерів. Починайте використовувати басейн, якщо вміст вільного хлору відповідає нормі від 0.3 до 0.6 мг/л, рівень pH знаходиться в межах від 7.2 до 7.4, а рівень стабілізатора – ціанурової кислоти – не перевищує 50 мг/м³. Для максимально ефективного результату виконуйте шокову обробку води 1 раз на місяць.

Регулярна обробка виконується аналогічним способом. Використовуйте від 2 до 3 г AquaDoctor CH-65  на 1 м³ води 1 раз на 2 або 3 дні із запуском фільтраційної системи для кращого перемішування."
Рідкий коагулюючий засіб AquaDoctor FL,"AquaDoctor FL Коагулянт рідкий 1 л
AquaDoctor FL Коагулянт рідкий 5 л
AquaDoctor FL Коагулянт рідкий 20 л",AquaDoctor FL у вигляді рідини,https://aquapolis.ua/ua/zhidkoe-koagulirujuschee-sredstvo-aquadoctor-fl.html,"Використовується при помутнінні води в басейні
Перед використанням AquaDoctor FL у вигляді рідини, необхідно вирівняти рівень PH до 7.0-7.2
Додавайте AquaDoctor FL у вигляді рідини з розрахунку 150-250 мл препарату на 10 м³ води басейну","AquaDoctor FL у вигляді рідини рекомендується використовувати при помутнінні води в басейні, з розрахунку 150 – 250 мл препарату на 10 м³, один раз на тиждень. Перед використанням AquaDoctor FL у вигляді рідини, необхідно вирівняти значення PH до значень 7.0-7.2. 

Необхідну кількість AquaDoctor FL у вигляді рідини треба розчинити в ємності з чистою водою, після чого рівномірно вилити розчин по периметру басейну, уникаючи місць поблизу форсунок і скімерів. Далі необхідно запустити систему фільтрації на 2-4 години, після чого дати воді басейну відстоятись, для осідання збільшених частинок бруду. Осівший на дно басейну коагулянт (з частинками бруду) необхідно прибрати за допомогою пилососа для басейну.

Якщо після обробки препаратом вода не стала прозорою, можливо каламутність має органічну природу. В цьому випадку необхідно виконати шокову дезінфекцію з використанням засобів AquaDoctor С-60 / AquaDoctor С-60Т або AquaDoctor О2."
Засіб для нейтралізації надлишкового хлору AquaDoctor SC Stop Chlor,"AquaDoctor SC Stop Chlor - 1 кг
AquaDoctor SC Stop Chlor - 5 кг",AquaDoctor SC Stop Chlor у вигляді гранул,https://aquapolis.ua/ua/sredstvo-dlja-nejtralizacii-izbytochnogo-hlora-aquadoctor-sc-stop-chlor.html,"Для зниження вмісту хлору на 0,1 мг/дм³ необхідно додати 10 гр. AquaDoctor SC Stop Chlor на 10 м³ води.","Препарат AquaDoctor SC Stop Chlor рекомендується використовувати лише в добре провітрюваних приміщеннях. Перед використанням необхідно перевірити кількість вільного хлору у воді. Рекомендовані значення хлору - від 0.3 до 0.6 мг/дм³. Якщо кількість вільного хлору перевищує значення 0.6 мг/дм³, то для пониження показника на 0.1 мг/дм³ необхідно використовувати 10 г препарату на 10 кубометрів води (м³).

В окремих випадках дозування може бути збільшене або зменшене, залежно від температури води, інтенсивності експлуатації басейну та інших чинників."
Засіб для очищення ватерлінії басейну і СПА AquaDoctor CW CleanWaterline Крок 1,AquaDoctor CW CleanWaterline Крок 1 - 1 л,AquaDoctor CW CleanWaterline Крок 1 у вигляді рідини,https://aquapolis.ua/ua/sredstvo-dlja-ochistki-vaterlinii-bassejna-i-spa-aquadoctor-cw-cleanwaterline-shag-1.html,"AquaDoctor CW CleanWaterline Крок 1 Ефективно видаляє складні забруднення
Рекомендується для всіх типів басейнів
Не рекомендується використовувати для поверхонь з алюмінію і його сплавів, легкоплавких металів, покриттів отриманих гальванічним шляхом, на хромованих і пофарбованих поверхнях","AquaDoctor CW CleanWaterline Крок 1 рекомендується використовувати лише в добре провітрюваних приміщеннях. Для обробки поверхні слід нанести необхідну кількість препарату на період від 2 до 5 хв. Після закінчення вказаного часу поверхню треба обробити щіткою і ретельно промити водою. В разі потреби повторіть процедуру.

Очистивши ватерлінію від органічних, жирових і білкових відкладень засобом AquaDoctor CW CleanWaterline Крок 1, переходьте до очищення ватерлінії від мінерально-сольових відкладень за допомогою засобу AquaDoctor CW CleanWaterline Крок 2."
Засіб для очищення ватерлінії басейну і СПА AquaDoctor CW CleanWaterline Крок 2,AquaDoctor CW CleanWaterline Крок 2 - 1 л,AquaDoctor CW CleanWaterline Крок 2 у вигляді гелю,https://aquapolis.ua/ua/sredstvo-dlja-ochistki-vaterlinii-bassejna-i-spa-aquadoctor-cw-cleanwaterline-shag-2.html#additional,"AquaDoctor CW CleanWaterline Крок 2 Ефективно видаляє складні забруднення
Рекомендується для всіх типів басейнів
Володіє дезінфікуючими властивостями
Має приємний запах","AquaDoctor CW CleanWaterline Крок 2 рекомендується використовувати лише в добре провітрюваних приміщеннях. Для обробки поверхні слід нанести необхідну кількість препарату на період від 5 до 20 хв. Після закінчення вказаного часу поверхню треба обробити щіткою і ретельно промити водою. В разі потреби повторіть процедуру.

Перед застосуванням засобу AquaDoctor CW CleanWaterline Крок 2 для очищення ватерлінії від мінерально-сольових відкладень, використовуйте засіб AquaDoctor CW CleanWaterline Крок 1 для очищення ватерлінії від органічних, жирових і білкових відкладень."
Універсальний засіб для очищення поверхонь AquaDoctor AB Antibacterial Cleaner,AquaDoctor AB Antibacterial Cleaner - 1 л,AquaDoctor AB Antibacterial Cleaner у вигляді гелю,https://aquapolis.ua/ua/universalnoe-sredstvo-dlja-ochistki-poverhnostej-aquadoctor-ab-antibacterial-cleaner.html,"AquaDoctor AB Antibacterial Cleaner Має дезінфікуючі властивості, Ефективно видаляє складні забруднення. Має приємний запах","AquaDoctor AB Antibacterial Cleaner рекомендується використовувати тільки в добре провітрюваних приміщеннях. Використовуйте захисні рукавички та окуляри.

Для обробки поверхні змішайте необхідну кількість AquaDoctor AB Antibacterial Cleaner з теплою водою в пропорції 1:9 або приготуйте більш слабкий розчин. Нанесіть розчин на щітку або губку та протріть забруднену поверхню. Змивати засіб не потрібно.

Засіб призначений для ручної та машинної мийки. Не змішуйте AquaDoctor AB Antibacterial Cleaner з іншими миючими засобами."
Засіб для зниження жорсткості AquaDoctor SM StopMineral,"AquaDoctor SM StopMineral - 1 л
AquaDoctor SM StopMineral - 5 л",AquaDoctor SM StopMineral у вигляді рідини,https://aquapolis.ua/ua/sredstvo-dlja-snizhenija-zhestkosti-aquadoctor-sm-stopmineral.html,"Використовується для запобігання появі й видаленню вапняного нальоту
Додавати AquaDoctor SM з розрахунку 50 мл препарату на 1 м³ води басейну","Препарат AquaDoctor SM StopMineral рекомендується використовувати вечірньої пори доби. Обробка виконується при запуску басейну з розрахунку 50 мл препарату на 1 кубометр води ( м³). Якщо жорсткість води перевищує 400 мл/л, дозу слід збільшити до 100 мл на 1 м³. Необхідну кількість препарату додаємо в ємність з чистою водою, розводимо і рівномірно виливаємо по периметру басейну. Потім запускається фільтраційна система на період від 2 до 4 годин, впродовж якого не рекомендується використовувати басейн. Регулярна обробка необхідна за умови додавання свіжої води в басейн і виконується в аналогічних пропорціях."
Засіб для чищення чаші AquaDoctor MC MineralCleaner,"AquaDoctor MC MineralCleaner - 1 л
AquaDoctor MC MineralCleaner - 5 л",AquaDoctor MC MineralCleaner у вигляді рідини,https://aquapolis.ua/ua/sredstvo-dlja-ochistki-chashi-aquadoctor-mc-mineralcleaner.html,"Використовується при забрудненні чаші басейну
Розводиться в співвідношенні 1:1",AquaDoctor MC MineralCleaner рекомендується використовувати лише в добре провітрюваних приміщеннях. Для обробки поверхні чаші розводимо необхідну кількість засобу з теплою водою у співвідношенні 1:1. Далі отриману суміш необхідно нанести на забруднену поверхню і залишити на 15-30 хв. Після закінчення вказаного часу поверхню треба обробити щіткою і ретельно промити водою. У разі потреби повторіть процедуру.
Засіб для видалення металів AquaDoctor SMe StopMetal,"AquaDoctor SMe StopMetal - 1 л
AquaDoctor SMe StopMetal - 5 л",AquaDoctor SMe StopMetal у вигляді рідини,https://aquapolis.ua/ua/sredstvo-dlja-udalenija-metallov-aquadoctor-sme-stopmetal.html#additional,"Використовується для видалення іонів заліза, міді, марганцю та інших металів з води басейну.
Додавати AquaDoctor SMe з розрахунку 400 мл препарату на 50 м³ води басейну
Препарат додається під час наповнення басейну водою (перед шоковою обробкою засобами, які містять хлор)","Перед використанням препарату AquaDoctor SMe StopMetal необхідно заміряти рівень металів у воді басейну. Нормативне значення – не вище 0.8 мл/л. Якщо вимірюване значення перевищує показник 0.8 мл/л, рекомендуємо скористатися засобом Sme Stopmetal. Препарат використовується під час наповнення басейну водою (перед шоковою обробкою засобами, які містять хлор). Дозування виконується з розрахунку 400 мл препарату на 50 кубометр води (м³). Необхідну кількість препарату додаємо в ємність з чистою водою, розводимо і рівномірно виливаємо по периметру басейну. Далі запускається фільтраційна система.

Якщо концентрація металів у воді перевищує значення 1.5 мл/л, дозу потрібно подвоїти."
Тестер AquaDoctor Test Kit O2/pH,Набір ,"Тестер AquaDoctor Test Kit O2/pH у блістері
Таблетки для вимірювання pH AquaDoctor PhenolRed: 20 шт.
Таблетки для вимірювання активного кисню AquaDoctor DPD4: 20 шт.",https://aquapolis.ua/ua/tester-aquadoctor-mini-tabletochnyj-ph-i-o2-20-testov.html,1 таблетка для проведення 1 тестування води,"1) Для вимірювання параметрів води зніміть кришку з тестера і наберіть в нього воду з басейну.
2) Додайте по 1 таблетці DPD1 і Phenol Red у відповідні ємності.
3) Закрийте кришку і струшуйте тестер для кращого перемішування і розчинення реагентів. Вода змінить свій колір в міру розчинення таблеток.
4) Порівняйте отриманий колір зразка зі шкалою кольору. Кожному кольору відповідає цифрове значення.
5) Необхідно промити тестер чистою водою після проведення аналізу.

Діапазон вимірювань:
Рівень рН: 6.8-8.2
Активний кисень: 0-10 мг/л"
Тестер AquaDoctor Test Box O2/pH,Набір ,"Тестер AquaDoctor Test Box O2/pH з кришкою у пластиковій коробці
Таблетки для вимірювання pH AquaDoctor PhenolRed: 20 шт.
Таблетки для вимірювання активного кисню AquaDoctor DPD4: 20 шт.",https://aquapolis.ua/ua/tester-aquadoctor-box-tabletochnyj-ph-i-o2-20-testov.html,1 таблетка для проведення 1 тестування води,"1) Для вимірювання параметрів води зніміть кришку з тестера і наберіть в нього воду з басейну.
2) Додайте по 1 таблетці DPD1 і Phenol Red у відповідні ємності.
3) Закрийте кришку і струшуйте тестер для кращого перемішування і розчинення реагентів. Вода змінить свій колір у міру розчинення таблеток.
4) Порівняйте отриманий колір зразка зі шкалою кольору. Кожному кольору відповідає цифрове значення.
5) Необхідно промити тестер чистою водою після проведення аналізу.

Діапазон вимірювань:
Рівень рН: 6.8-8.2
Активний кисень: 0-10 мг/л"
Тестер AquaDoctor 5 в 1,Набір ,"Тестер для вимірювання рівня pН, концентрації вільного хлору і брому
20 таблеток для вимірювання вільного хлору и брому AquaDoctor DPD1
20 таблеток для визначення рівня pH AquaDoctor Phenol Red
10 таблеток для вимірювання ціанурової кислоти AquaDoctor CyA
10 таблеток для вимірювання лужності AquaDoctor ALK LR
Подвійна колба для вимірювання ціанурової кислоти та загальної лужності
Шприц об'ємом 5 мл",https://aquapolis.ua/ua/tester-aquadoctor-4v1-tabletochnyj-ph-cl-cy-alk-20-testov.html,1 таблетка для проведення 1 тестування води,"1) Для вимірювання параметрів води зніміть кришку з тестера і наберіть в нього воду з басейну.
2) Додайте по 1 таблетці DPD1 і Phenol Red у відповідні ємності.
3) Закрийте кришку і струшуйте тестер для кращого перемішування і розчинення реагентів. Вода змінить свій колір у міру розчинення таблеток.
4) Порівняйте отриманий колір зразка зі шкалою кольору. Кожному кольору відповідає цифрове значення.
5) Необхідно промити тестер чистою водою після проведення аналізу.

Діапазон вимірювань - Рівень рН: 6.8 - 8.2
Вільний хлор: 0.1 - 3 мг/л
Бром: 0.2 - 6.8 мг/л
Ціанурова кислота: 20 - 200 мг/л
Лужність: 50 - 300 мг/л"
Тестер в таблетках AquaDoctor Cl та pH,Набір ,"Тестер AquaDoctor Test Box Cl/pH з кришкою у пластиковій коробці
Таблетки для вимірювання pH AquaDoctor PhenolRed: 20 шт.
Таблетки для вимірювання вільного хлору AquaDoctor DPD1: 20 шт.",https://aquapolis.ua/ua/tester-aquadoctor-box-tabletochnyj-ph-i-cl-20-testov.html,1 таблетка для проведення 1 тестування води,"1) Для вимірювання параметрів води зніміть кришку з тестера і наберіть в нього воду з басейну.
2) Додайте по 1 таблетці DPD1 і Phenol Red у відповідні ємності.
3) Закрийте кришку і струшуйте тестер для кращого перемішування і розчинення реагентів. Вода змінить свій колір у міру розчинення таблеток.
4) Порівняйте отриманий колір зразка зі шкалою кольору. Кожному кольору відповідає цифрове значення.
5) Необхідно промити тестер чистою водою після проведення аналізу.

Діапазон вимірювань:
Рівень рН: 6.8 - 8.2
Вільний хлор: 0.1 - 3 мг/л"
Таблетки для фотометра AquaDoctor PM 630,"Таблетки для вимірювання кальцієвої жорсткості AquaDoctor Set Calcio H No.1/No.2 (10 шт.)
Таблетки для вимірювання загальної жорсткості AquaDoctor Hardness total HR T (10 шт.)
Таблетки для вимірювання сечовини AquaDoctor Urea T Set Ammonia No.1/No.2 (10 шт.)
Таблетки для вимірювання заліза AquaDoctor Iron II LR (10 шт.)
Таблетки для вимірювання фосфатів AquaDoctor Set Phosphate No.1 LR/No.2 LR (10 шт.)
Таблетки для вимірювання міді AquaDoctor Set Copper No.1/No.2 (10 шт.)
Таблетки для вимірювання pH AquaDoctor PhenolRed (10 штук)
Таблетки для вимірювання активного кисню AquaDoctor DPD No.4 (10 шт.)
Таблетки для вимірювання лужності AquaDoctor Alkalinity-m HR T (10 шт.)
Таблетки для вимірювання концентрації ГПХ AquaDoctor Hypochlorite T Set Chlorine HR (KI)/Acidifying GP (10 шт.)",таблетки,https://aquapolis.ua/ua/tabletki-dlja-fotometra-aquadoctor-pm-630.html,Запасні таблетки для фотометра AquaDoctor PM 630 призначені для вимірювання хімічних властивостей води в басейні.,
Таблетки для фотометра AquaDoctor LAB 5 в 1,"Таблетки для вимірювання вільного хлору AquaDoctor DPD1 CL (10 шт.)
Таблетки для вимірювання загального хлору AquaDoctor DPD3 Total CL (10 шт.)
Таблетки для вимірювання ціанурової кислоти AquaDoctor Cyanuric acid (10 шт.)
Таблетки для вимірювання лужності AquaDoctor Alkalinity-M (10 шт.)
Таблетки для вимірювання pH AquaDoctor LAB PhenolRed (10 шт.)",таблетки,https://aquapolis.ua/ua/tabletki-dlja-fotometra-aquadoctor-lab-5-v-1.html,"Запасні таблетки для фотометру AquaDoctor LAB 5 в 1, призначені для вимірювання хімічних властивостей води в басейні.",
Засіб для консервації AquaDoctor Winter Care,"Засіб для консервації AquaDoctor Winter Care 1 л
Засіб для консервації AquaDoctor Winter Care 5 л",AquaDoctor Winter Care у вигляді рідини,https://aquapolis.ua/ua/sredstvo-dlja-konservacii-aquadoctor-winter-care.html#additional,"Використовувати лише після вживання засобів, які містять хлор
Дозування: 60-70 мл AquaDoctor Winter Care у вигляді рідини на 1 м³ води в басейні","Перед початком консервації басейну необхідно заміряти й відкоректувати, при необхідності, рівень рН до норми 7.2 – 7.4 за допомогою засобів AquaDoctor pH Minus чи AquaDoctor pH Plus та провести шокову дезінфекцію басейну препаратом AquaDoctor С-60 чи AquaDoctor С-60Т.  

Препарат AquaDoctor WC додається на початку процесу консервації басейну з розрахунку 60-70 мл на 1 м³ води. Необхідна кількість препарату розчиняється в чистій ємності з водою і додається по периметру басейну."
Таблетки для тестерів AquaDoctor,"Таблетки для вимірювання міді AquaDoctor Cuper-Мідь (10 шт.)
Таблетки для вимірювання ціанурової кислоти AquaDoctor Cyanuric acid (10 шт.)
Таблетки для визначення лужності AquaDoctor ALK LR (10 шт.)
Таблетки для зміни активного кисню AquaDoctor DPD4 (10 шт.)
Таблетки для вимірювання вільного хлору AquaDoctor DPD1 (10 шт.)
Таблетки для вимірювання pH AquaDoctor PhenolRed (10 шт.)",таблетки,https://aquapolis.ua/ua/tabletki-dlja-testerov-aquadoctor.html,"Запасні таблетки до тестера AquaDoctor, призначені для вимірювання хімічних властивостей води в басейні.",
Тестер AquaDoctor таблетковий pH та Мідь LR/HR (20 тестів),Набір ,"Тестер для басейнів у міцній пластиковій коробці
Таблетні реагенти на 20 аналізів кожен",https://aquapolis.ua/ua/tester-aquadoctor-tabletochnyj-ph-i-med-lr-hr-20-testov.html,"Діапазон вимірювання: Copper 0.1 - 1 mg/L Cu, Copper 0.5 - 5.0 mg/L Cu, pH 6.8 - 8.2 pH.","Тестер для басейнів дозволяє одночасно виконувати вимірювання засобу для підготовки води та значення pH. Результати відображаються високою точністю вимірювань. Ви швидко отримаєте достовірні відомості та зможете вжити контрзаходів у разі потреби.

Діапазон вимірювань: Copper 0.1 - 1 mg/L Cu, Copper 0.5 - 5.0 mg/L Cu, pH 6.8 - 8.2 pH."
Крапельний тестер AquaDoctor Basic Cl/pH,Набір ,"Реагент Orthotolidine (OTO) визначає рівень хлору: 1 шт.
Реагент Phenol red визначає рівень рН води: 1 шт.
Колба: 2 шт.
Кольорова шкала: 2 шт.
Інструкція
Пластиковий футляр",https://aquapolis.ua/ua/kapel-nyj-tester-aquadoctor-basic-cl-ph.html,"Тестер вимірює рівні:
хлору
pH","Крапельний тестер AquaDoctor Basic Cl/pH – це простий та зручний прилад для перевірки рівня хлору та pH у воді. Він допомагає швидко дізнатися якість води у басейні. Достатньо кількох крапель реагенту, щоб побачити результат. Підходить для домашнього використання."
Рідкий дезінфектант на основі активного кисню AquaDoctor Water Shock О2 (20 л),AquaDoctor Water Shock О2 (20 л),AquaDoctor Water Shock О2 у вигляді рідини,https://aquapolis.ua/ua/zhidkij-dezinfektant-na-osnove-aktivnogo-kisloroda-aquadoctor-water-shock-o2-20-l.html,"Первинна (шокова) обробка: 200 мл засобу на 1 м³ води раз у 30-60 днів
Регулярна обробка: 100 мл засобу на 1 м³ води раз на 4 дні","Препарат рекомендується застосовувати у вечірній час доби. Перед використанням необхідно заміряти та відкоригувати (за необхідності) рівень рН до норми 7.2 – 7.4, за допомогою засобів AquaDoctor pH Minus або AquaDoctor pH Plus.

Первинна (шокова) обробка виконується 1 раз на 30-60 днів, з розрахунку 100 мл препарату на 1 м³ води. Необхідна кількість WaterShock O2 розмішується в ємності з водою і рівномірно додається в басейн по периметру, після чого запускається фільтраційна система на 6-8 годин. Після застосування препарату не рекомендується використовувати басейн, протягом 10-12 годин.

Регулярна обробка басейну здійснюється аналогічним способом, використовуючи 50 мл на 1 м³ раз у 4 дня."
Набір рідин для крапельного тестера AquaDoctor Basic Cl/pH,Набір ,"Реагент Orthotolidine (OTO) визначає рівень хлору (22 мл): 1 шт.
Реагент Phenol red визначає рівень pH води (22мл): 1 шт.",https://aquapolis.ua/ua/zhidkost-dlja-kapel-nogo-testera-aquadoctor-basic-cl-ph.html,Набір рідин призначений для крапельного тестера AquaDoctor Basic Cl/pH. Він допомагає вимірювати рівень хлору та pH у воді.,Набір рідин призначений для крапельного тестера AquaDoctor Basic Cl/pH. Він допомагає вимірювати рівень хлору та pH у воді.
"Тест-смужки Aquadoctor Cl/pH, 3 шт.",Набір ,"Форма випуску: тест-смужки
Кількість: 3 шт.",https://aquapolis.ua/ua/test-poloski-aquadoctor-cl-ph-3sht.html,"Діапазони:
Вільний хлор: від 0 до 20 мг/л
рH: від 6.2 до 8.4",Тестові смужки Aquadoctor Cl/pH - відмінне рішення для швидкого визначення рівня рН і вільного хлору у воді басейну. Індикаторні смужки для експрес-тесту упаковані по 3 шт в фольгованому саше. Герметична упаковка гарантує збереження властивостей тест-смужок незалежно від часу і умов зберігання.
Тестер-фотометр AquaDoctor PM 630,,"4 батареї (AA)
3 кювети ø 24 мм
Мірний стакан 100 мл
Пластикова паличка для перемішування
Щітка
Шприц
Реагенти для визначення вмісту хлору (вільне володіння, пов'язаний, загальний)
Рівень pH
Кальцієва жорсткість
Здатність кислоти до нейтралізації KS4.3 (лужність М)
Керівництво по експлуатації
Сертифікат (відповідності) і гарантійна декларація",https://aquapolis.ua/ua/tester-fotometr-aquadoctor-pm-630.html,"Фотометрична точність: 2% FS (T = 20 ° C - 25 ° C)
Стійка до кислоти і розчинників тактильна плівкова клавіатура з акустично зворотнім зв'язком через вбудований звуковий сигнал
Інтерфейси: Bluetooth
Близько 500 наборів даних
Навколишні умови: 5-40 ° C при від. вологості 30-90% (без конденсації)","Тестер фотометр AquaDoctor PM 630 призначений для надійного аналізу гігієнічних параметрів та домішок у воді басейну. Фотометр простий у використанні. Виконання вимірювань можливо в темряві: всі прилади обладнані дисплеєм з підсвічуванням. Ви можете вибирати реагенти різних форм випуску: таблетовані, рідкі або порошкові. Розроблений і вироблений в Німеччині Області застосування:
Гальванізація
Контроль води в басейні
Обробка сирої води
Підготовка питної води"
"Сіль таблетована Aquadoctor Екстра, 25 кг","Сіль таблетована Aquadoctor Екстра, 25 кг, мішок",таблетки,https://aquapolis.ua/ua/sol-tabletirovannaja-aquadoctor-jekstra-25-kg.html,Спосіб застосування: розчинити необхідну кількість солі у воді басейну,"Aquadoctor Екстра - спеціалізована таблетована сіль для басейну. Забезпечує оптимальний рівень солоності води для ефективного вироблення вільного хлору за допомогою хлоргенераторів і іншого обладнання. Пом'якшує воду та запобігає утворенню вапняного нальоту. Поставляється в мішках.
Швидко розчиняється
Призначена для всіх типів басейнів"